{"cameraMode":{"drawMode":0,"name":"Shaded","section":"Shading Mode"},"sceneLighting":true,"audioPlay":false,"sceneViewState":{"m_AlwaysRefresh":false,"showFog":true,"showSkybox":true,"showFlares":true,"showImageEffects":true,"showParticleSystems":true,"showVisualEffectGraphs":true,"m_FxEnabled":true},"in2DMode":false,"pivot":{"x":4.800736904144287,"y":1.2411422729492188,"z":-11.184867858886719},"rotation":{"x":0.026851864531636239,"y":-0.18161329627037049,"z":0.004962944891303778,"w":0.9830139875411987},"size":-2.0088179111480715,"orthographic":false}