{"cameraMode":{"drawMode":0,"name":"Shaded","section":"Shading Mode"},"sceneLighting":false,"audioPlay":false,"sceneViewState":{"m_AlwaysRefresh":false,"showFog":true,"showSkybox":false,"showFlares":true,"showImageEffects":true,"showParticleSystems":true,"showVisualEffectGraphs":true,"m_FxEnabled":true},"in2DMode":false,"pivot":{"x":2.009999990463257,"y":0.0040000081062316898,"z":-6.730000019073486},"rotation":{"x":0.1016063243150711,"y":-0.10098850727081299,"z":0.010359911248087883,"w":0.9896520376205444},"size":3.574108362197876,"orthographic":false}